employee_id,work_life_balance,career_growth,salary_benefits,job_security,work_environment,team_collaboration,training_development,management_support,autonomy_control,recognition_rewards,technology_tools,company_culture,age,department,experience_years,education_level,true_cluster
EMP001,4,5,5,3,4,5,7,4,4,6,7,5,32,IT,4,3,Career_Growth
EMP002,4,6,5,4,3,5,7,4,5,6,7,5,25,Marketing,8,3,Career_Growth
EMP003,4,7,6,3,5,6,6,5,4,6,5,5,28,Marketing,2,4,Career_Growth
EMP004,4,6,4,3,3,4,7,5,4,6,6,5,26,IT,1,3,Career_Growth
EMP005,3,6,5,3,4,5,5,3,3,5,6,5,36,IT,3,4,Career_Growth
EMP006,4,7,5,5,4,6,7,5,3,7,5,5,27,IT,4,3,Career_Growth
EMP007,4,7,5,4,3,6,6,4,4,6,6,5,27,IT,4,3,Career_Growth
EMP008,4,6,5,5,4,5,6,4,4,6,6,5,34,Sales,3,3,Career_Growth
EMP009,4,6,5,3,5,5,6,4,4,6,6,4,37,IT,4,4,Career_Growth
EMP010,3,6,5,4,4,5,7,4,5,6,6,5,34,Marketing,8,3,Career_Growth
EMP011,4,6,5,3,3,5,5,4,5,6,6,5,26,Sales,1,3,Career_Growth
EMP012,3,7,5,4,4,5,6,4,5,7,6,5,27,IT,2,4,Career_Growth
EMP013,4,7,5,4,4,5,7,4,4,7,6,6,25,Sales,8,3,Career_Growth
EMP014,4,6,4,4,5,6,6,3,5,6,5,5,27,Marketing,1,4,Career_Growth
EMP015,4,6,5,4,4,5,6,4,5,6,7,5,27,Marketing,5,3,Career_Growth
EMP016,4,6,5,4,3,5,5,4,3,6,6,5,31,IT,7,3,Career_Growth
EMP017,4,5,5,4,4,6,6,3,5,7,5,6,25,IT,3,3,Career_Growth
EMP018,4,7,4,3,5,5,6,4,3,7,7,6,30,IT,3,3,Career_Growth
EMP019,3,6,5,4,5,5,7,3,3,7,5,5,35,Marketing,6,3,Career_Growth
EMP020,6,6,5,3,4,4,5,4,4,6,6,4,35,IT,1,3,Career_Growth
EMP021,4,6,5,5,5,6,6,5,4,7,6,5,35,Sales,2,3,Career_Growth
EMP022,4,7,5,4,3,6,7,4,4,6,7,6,26,IT,6,3,Career_Growth
EMP023,4,5,5,4,4,5,5,4,4,5,6,6,28,IT,1,4,Career_Growth
EMP024,4,7,6,3,5,6,6,4,3,6,6,5,36,Marketing,5,3,Career_Growth
EMP025,3,5,5,4,4,6,6,4,3,6,6,6,30,Marketing,7,4,Career_Growth
EMP026,5,7,5,3,4,4,7,5,6,7,6,5,26,Sales,5,3,Career_Growth
EMP027,4,5,5,4,5,6,6,4,4,6,6,6,27,IT,4,3,Career_Growth
EMP028,4,6,5,5,4,5,6,4,4,7,6,5,32,IT,7,3,Career_Growth
EMP029,4,7,4,5,4,5,6,4,3,5,6,4,33,IT,9,3,Career_Growth
EMP030,3,6,5,4,4,4,6,4,4,6,7,5,28,IT,9,3,Career_Growth
EMP031,4,6,6,4,5,5,6,4,4,6,5,5,29,IT,2,3,Career_Growth
EMP032,4,5,5,5,5,5,6,3,4,5,6,4,35,IT,9,3,Career_Growth
EMP033,5,7,5,4,4,5,5,5,5,6,6,5,33,IT,3,4,Career_Growth
EMP034,5,7,6,5,4,5,6,4,4,6,6,6,29,IT,5,4,Career_Growth
EMP035,3,7,5,4,4,5,7,5,3,6,6,5,26,Marketing,6,4,Career_Growth
EMP036,4,5,5,4,4,5,6,5,4,6,6,4,36,Marketing,3,4,Career_Growth
EMP037,3,7,5,4,4,5,5,5,4,5,6,5,33,Sales,1,3,Career_Growth
EMP038,4,7,5,5,4,6,6,5,5,6,7,5,37,IT,2,4,Career_Growth
EMP039,4,6,4,4,3,4,6,4,3,5,6,5,36,Marketing,4,3,Career_Growth
EMP040,4,7,5,4,4,5,6,4,4,6,7,5,26,Marketing,9,4,Career_Growth
EMP041,3,6,5,4,4,5,6,3,3,6,6,5,28,Marketing,6,3,Career_Growth
EMP042,3,5,5,5,4,5,6,5,5,6,7,6,34,IT,1,3,Career_Growth
EMP043,4,7,6,4,4,5,6,3,4,6,5,5,33,Sales,1,4,Career_Growth
EMP044,4,6,5,3,3,3,7,4,3,6,5,5,25,IT,4,4,Career_Growth
EMP045,4,6,5,4,4,6,6,3,5,4,6,5,34,Marketing,6,3,Career_Growth
EMP046,3,7,4,5,3,6,6,4,4,5,6,5,31,IT,2,4,Career_Growth
EMP047,4,6,5,3,4,5,7,3,4,6,5,6,33,IT,8,4,Career_Growth
EMP048,4,5,4,3,4,5,7,5,4,6,6,4,25,Sales,9,3,Career_Growth
EMP049,3,5,4,4,4,4,7,3,5,6,7,4,36,Sales,9,3,Career_Growth
EMP050,4,7,6,3,4,5,6,4,4,6,6,5,33,IT,5,3,Career_Growth
EMP051,3,5,5,4,3,6,5,4,4,6,6,4,32,Marketing,6,4,Career_Growth
EMP052,4,6,5,4,4,4,6,5,3,7,6,5,37,IT,2,3,Career_Growth
EMP053,3,7,5,4,4,5,6,3,5,6,6,5,37,Marketing,4,4,Career_Growth
EMP054,3,5,4,4,4,5,7,4,4,6,6,5,37,IT,7,3,Career_Growth
EMP055,4,6,5,4,4,5,6,4,4,6,6,5,32,IT,3,4,Career_Growth
EMP056,3,7,5,5,3,4,6,4,4,6,6,4,37,IT,4,3,Career_Growth
EMP057,4,6,5,5,4,5,7,4,4,6,6,6,28,Marketing,9,3,Career_Growth
EMP058,3,6,5,4,4,5,5,4,4,5,6,4,35,IT,1,4,Career_Growth
EMP059,4,6,5,4,4,6,6,4,5,6,6,5,30,IT,8,3,Career_Growth
EMP060,4,6,6,4,4,5,7,4,3,7,6,5,28,Sales,9,3,Career_Growth
EMP061,3,6,4,5,4,6,6,4,4,6,6,4,27,Marketing,4,4,Career_Growth
EMP062,3,6,5,4,4,5,6,4,4,5,6,5,36,Sales,8,4,Career_Growth
EMP063,3,6,6,4,3,5,6,4,3,6,6,4,25,IT,9,4,Career_Growth
EMP064,3,7,4,4,3,5,6,4,4,5,6,5,31,Marketing,6,3,Career_Growth
EMP065,4,7,5,4,4,5,6,4,4,6,6,4,37,IT,8,3,Career_Growth
EMP066,4,5,6,4,5,5,5,5,4,6,6,5,30,IT,1,3,Career_Growth
EMP067,5,7,5,5,4,4,6,3,4,6,7,6,34,IT,6,3,Career_Growth
EMP068,4,5,6,3,5,5,7,4,4,6,7,5,35,Sales,1,4,Career_Growth
EMP069,3,6,5,4,5,4,5,3,4,6,6,5,30,IT,8,4,Career_Growth
EMP070,3,6,4,4,4,6,5,4,5,6,5,4,27,Marketing,9,4,Career_Growth
EMP071,3,6,6,3,4,5,7,4,4,6,6,4,26,IT,8,4,Career_Growth
EMP072,4,6,5,5,4,6,6,4,4,7,7,6,25,IT,3,4,Career_Growth
EMP073,4,6,5,4,3,5,6,4,4,6,6,4,37,Marketing,5,3,Career_Growth
EMP074,5,6,6,4,4,6,6,4,5,6,5,5,29,Sales,9,3,Career_Growth
EMP075,4,6,4,4,4,5,6,4,5,6,6,5,28,Marketing,5,4,Career_Growth
EMP076,4,6,5,4,4,5,6,3,4,5,6,4,37,IT,7,3,Career_Growth
EMP077,4,5,5,4,5,5,5,5,4,6,6,5,31,IT,1,4,Career_Growth
EMP078,3,6,4,5,4,5,6,4,3,6,6,5,29,Sales,3,3,Career_Growth
EMP079,4,6,5,4,4,5,6,4,4,5,6,5,36,IT,7,3,Career_Growth
EMP080,5,7,4,4,4,6,6,5,5,7,6,6,27,IT,2,4,Career_Growth
EMP081,4,6,5,5,4,5,7,3,4,6,6,5,30,IT,1,4,Career_Growth
EMP082,3,7,4,4,4,5,6,4,4,7,7,6,33,Sales,4,3,Career_Growth
EMP083,4,7,5,4,3,5,6,3,4,6,6,5,34,IT,6,3,Career_Growth
EMP084,4,4,5,4,4,5,5,3,4,6,6,6,32,IT,8,4,Career_Growth
EMP085,4,6,5,4,5,4,6,4,4,7,7,5,33,IT,6,4,Career_Growth
EMP086,4,6,6,4,4,4,6,4,6,6,6,6,27,Marketing,5,3,Career_Growth
EMP087,4,6,6,3,4,5,7,4,3,6,7,5,31,Marketing,6,3,Career_Growth
EMP088,4,5,6,4,4,5,5,4,3,6,7,5,37,IT,9,3,Career_Growth
EMP089,3,6,5,3,4,3,7,4,5,5,5,6,33,IT,4,3,Career_Growth
EMP090,4,6,5,4,4,5,6,5,5,6,7,4,31,IT,8,4,Career_Growth
EMP091,3,7,6,3,4,5,6,4,3,6,6,5,35,Marketing,2,4,Career_Growth
EMP092,4,6,6,4,4,6,5,4,3,6,7,5,33,IT,1,3,Career_Growth
EMP093,5,6,4,4,3,4,7,4,4,6,7,5,31,Marketing,7,4,Career_Growth
EMP094,5,6,6,4,4,5,6,4,4,6,6,4,25,IT,9,3,Career_Growth
EMP095,5,5,6,3,4,4,5,4,5,5,6,5,28,IT,8,3,Career_Growth
EMP096,4,7,5,5,5,4,6,5,4,7,7,5,36,Marketing,9,3,Career_Growth
EMP097,4,6,5,4,4,4,6,4,4,6,6,5,26,IT,3,4,Career_Growth
EMP098,4,6,5,3,4,5,5,3,4,6,6,4,26,IT,1,3,Career_Growth
EMP099,4,6,5,4,4,5,6,3,4,5,7,5,37,IT,3,3,Career_Growth
EMP100,4,7,5,5,3,5,6,4,4,6,5,5,26,Marketing,2,3,Career_Growth
EMP101,3,7,5,4,3,5,7,5,4,6,6,5,31,IT,4,4,Career_Growth
EMP102,4,6,5,4,3,5,6,4,4,7,7,5,27,IT,2,3,Career_Growth
EMP103,4,6,5,4,5,5,5,4,4,6,7,5,30,Marketing,6,4,Career_Growth
EMP104,4,6,5,4,3,5,7,5,4,6,7,4,26,Marketing,4,3,Career_Growth
EMP105,3,7,5,4,5,5,6,4,4,5,6,6,26,IT,3,3,Career_Growth
EMP106,6,5,5,3,4,6,5,4,4,6,5,6,30,IT,6,4,Career_Growth
EMP107,4,6,6,3,4,6,6,4,3,6,6,5,25,Sales,9,3,Career_Growth
EMP108,4,6,6,3,4,5,5,4,4,6,6,6,31,IT,6,4,Career_Growth
EMP109,4,6,6,4,5,5,6,4,4,6,6,5,29,IT,6,3,Career_Growth
EMP110,4,6,5,5,4,4,6,4,4,5,6,5,36,IT,9,3,Career_Growth
EMP111,4,5,5,4,5,6,5,4,5,6,7,6,29,IT,3,4,Career_Growth
EMP112,4,7,6,5,3,5,7,4,5,6,4,6,35,IT,3,3,Career_Growth
EMP113,5,6,6,3,4,6,6,3,4,6,7,4,25,Marketing,2,3,Career_Growth
EMP114,5,7,5,4,4,4,5,4,5,5,5,6,36,IT,3,4,Career_Growth
EMP115,5,7,5,4,5,5,6,3,4,6,7,5,31,IT,9,3,Career_Growth
EMP116,3,6,5,4,4,6,6,4,2,5,6,5,25,IT,1,3,Career_Growth
EMP117,5,6,5,5,5,5,6,4,4,6,5,5,30,Marketing,7,4,Career_Growth
EMP118,4,6,6,5,4,4,6,3,4,6,5,4,25,Marketing,4,4,Career_Growth
EMP119,5,6,5,4,5,5,5,4,4,6,5,5,32,IT,8,4,Career_Growth
EMP120,4,6,4,4,3,6,6,5,5,4,6,5,37,IT,7,3,Career_Growth
EMP121,3,7,5,4,5,6,6,5,4,6,5,4,33,IT,6,4,Career_Growth
EMP122,4,5,4,5,5,5,6,5,4,6,7,5,26,Sales,8,3,Career_Growth
EMP123,3,6,5,4,4,4,5,4,4,6,5,6,33,IT,5,4,Career_Growth
EMP124,5,6,5,4,5,4,6,5,4,6,6,5,37,IT,4,4,Career_Growth
EMP125,4,6,4,4,4,5,7,4,3,6,6,5,37,IT,5,3,Career_Growth
EMP126,3,6,5,4,4,5,6,5,4,6,6,5,27,IT,6,3,Career_Growth
EMP127,4,6,5,5,4,4,6,4,3,6,7,6,34,IT,3,3,Career_Growth
EMP128,4,6,5,3,4,5,7,4,5,5,6,5,31,Sales,3,4,Career_Growth
EMP129,4,6,4,4,3,4,5,4,4,6,6,5,29,IT,7,3,Career_Growth
EMP130,3,6,5,4,4,5,6,4,4,6,6,5,27,IT,3,3,Career_Growth
EMP131,4,5,4,4,5,5,6,4,4,6,5,4,27,IT,3,4,Career_Growth
EMP132,3,6,5,3,4,4,6,4,5,5,6,5,37,Sales,6,4,Career_Growth
EMP133,4,6,5,4,3,5,5,4,4,5,6,4,31,IT,8,3,Career_Growth
EMP134,5,6,6,4,4,5,6,4,5,6,6,5,27,Marketing,3,3,Career_Growth
EMP135,4,6,4,3,4,4,6,4,4,6,6,5,31,IT,8,3,Career_Growth
EMP136,4,6,5,5,3,5,5,4,4,7,6,5,29,Sales,2,3,Career_Growth
EMP137,4,6,5,4,4,4,6,4,4,6,6,6,32,Marketing,1,4,Career_Growth
EMP138,4,6,6,5,4,5,6,4,4,5,6,5,27,IT,6,4,Career_Growth
EMP139,4,6,5,3,5,5,6,5,2,6,6,5,30,IT,9,3,Career_Growth
EMP140,4,5,6,3,4,5,6,3,3,6,6,5,31,IT,1,3,Career_Growth
EMP141,4,6,5,4,4,5,7,3,3,6,6,6,33,Marketing,6,4,Career_Growth
EMP142,4,7,5,3,4,4,5,5,3,7,7,5,25,IT,9,3,Career_Growth
EMP143,4,6,5,4,5,5,6,3,4,6,6,5,31,IT,1,3,Career_Growth
EMP144,5,7,4,4,4,6,6,3,4,5,6,5,31,IT,7,4,Career_Growth
EMP145,4,6,5,4,4,6,6,4,3,6,5,5,27,Marketing,5,3,Career_Growth
EMP146,4,4,5,5,4,5,6,4,5,7,6,5,31,IT,9,4,Career_Growth
EMP147,6,6,3,4,4,5,6,4,4,6,5,5,32,Marketing,4,3,Career_Growth
EMP148,4,5,5,4,4,5,6,5,5,7,6,5,37,IT,6,4,Career_Growth
EMP149,4,6,4,4,5,5,6,4,4,6,6,4,30,IT,7,4,Career_Growth
EMP150,4,6,5,4,4,5,6,4,3,7,6,5,34,IT,4,4,Career_Growth
EMP151,4,5,4,4,4,5,6,4,4,5,7,4,28,Marketing,6,4,Career_Growth
EMP152,5,6,5,4,4,5,5,5,4,6,6,5,37,IT,6,3,Career_Growth
EMP153,4,6,4,6,3,5,6,5,4,6,6,6,35,Sales,6,4,Career_Growth
EMP154,3,6,5,4,4,5,6,3,5,5,5,5,26,IT,7,4,Career_Growth
EMP155,3,6,5,4,5,5,6,5,3,7,6,4,26,IT,2,4,Career_Growth
EMP156,3,7,5,4,4,4,6,5,4,6,6,5,34,Marketing,9,3,Career_Growth
EMP157,4,6,5,3,4,5,7,4,4,6,7,5,33,IT,9,3,Career_Growth
EMP158,4,7,5,4,4,5,6,4,4,6,6,4,33,IT,7,3,Career_Growth
EMP159,4,6,5,4,5,4,6,5,4,6,5,4,30,IT,1,4,Career_Growth
EMP160,3,7,6,3,5,5,6,4,4,6,6,3,31,Sales,4,4,Career_Growth
EMP161,5,6,4,3,4,5,7,5,4,6,6,5,36,IT,5,4,Career_Growth
EMP162,4,7,5,4,5,4,6,4,5,6,5,5,32,IT,7,4,Career_Growth
EMP163,5,7,6,4,5,5,5,4,4,6,6,5,36,Marketing,7,4,Career_Growth
EMP164,3,6,5,3,4,5,6,3,4,6,6,6,32,Sales,3,3,Career_Growth
EMP165,4,6,4,2,4,4,6,3,4,7,6,6,35,Marketing,7,4,Career_Growth
EMP166,5,6,6,4,5,4,6,4,4,6,6,6,31,Marketing,6,3,Career_Growth
EMP167,4,5,5,4,4,5,6,5,4,6,6,6,26,IT,2,3,Career_Growth
EMP168,4,6,4,4,5,4,7,4,4,6,6,6,37,Marketing,4,3,Career_Growth
EMP169,5,7,5,4,5,5,6,4,3,5,6,4,29,IT,9,3,Career_Growth
EMP170,5,6,4,4,3,5,6,4,4,7,7,6,25,Sales,9,3,Career_Growth
EMP171,6,3,2,4,4,5,3,5,7,4,3,7,39,HR,17,3,Work_Life
EMP172,5,3,3,3,5,6,3,6,6,4,4,6,33,HR,19,2,Work_Life
EMP173,6,3,3,3,4,5,3,6,6,3,4,6,32,Operations,17,2,Work_Life
EMP174,7,3,2,4,5,6,2,6,7,4,4,6,35,HR,16,2,Work_Life
EMP175,6,4,3,5,6,5,3,6,6,2,5,6,31,Operations,19,3,Work_Life
EMP176,7,3,3,5,4,6,3,6,7,3,5,6,44,HR,5,3,Work_Life
EMP177,7,2,3,4,5,5,3,6,7,4,4,7,34,Operations,10,3,Work_Life
EMP178,6,3,3,4,5,5,2,7,6,3,4,7,30,HR,8,4,Work_Life
EMP179,7,2,3,5,5,5,3,7,7,3,5,6,35,HR,5,3,Work_Life
EMP180,7,3,3,4,5,5,4,6,6,2,4,6,47,HR,12,3,Work_Life
EMP181,6,4,3,4,5,5,4,6,6,3,4,6,49,Operations,15,3,Work_Life
EMP182,6,2,3,4,4,6,4,7,7,2,3,6,34,HR,17,4,Work_Life
EMP183,6,3,3,5,5,5,4,6,5,3,4,6,33,HR,7,2,Work_Life
EMP184,5,4,3,4,5,5,3,7,6,3,5,7,31,HR,11,3,Work_Life
EMP185,5,3,4,5,6,6,2,4,7,4,4,5,37,Operations,12,4,Work_Life
EMP186,6,2,2,5,5,4,2,5,5,4,3,7,30,HR,15,4,Work_Life
EMP187,6,3,4,4,6,5,4,6,6,4,4,6,31,HR,5,2,Work_Life
EMP188,6,4,4,4,6,5,3,5,6,3,4,6,41,HR,18,3,Work_Life
EMP189,6,3,3,4,5,6,4,6,7,4,4,6,42,Operations,19,3,Work_Life
EMP190,5,4,3,3,4,5,3,5,6,4,4,6,42,Operations,16,3,Work_Life
EMP191,5,2,2,5,4,5,2,6,7,3,3,5,43,HR,13,2,Work_Life
EMP192,6,2,2,3,5,5,3,6,6,2,5,7,45,HR,18,2,Work_Life
EMP193,6,3,3,5,6,5,3,6,6,3,4,6,42,Operations,8,3,Work_Life
EMP194,6,3,4,4,5,5,4,5,5,3,4,6,31,HR,15,2,Work_Life
EMP195,7,4,4,4,4,4,3,6,6,3,4,7,43,HR,19,3,Work_Life
EMP196,4,1,4,5,5,6,3,7,7,4,5,6,34,Operations,10,3,Work_Life
EMP197,5,2,3,4,5,5,4,7,7,2,4,5,30,HR,6,2,Work_Life
EMP198,7,4,2,6,6,5,3,7,5,3,4,5,36,HR,10,3,Work_Life
EMP199,7,3,2,4,5,6,3,6,6,2,4,6,32,HR,11,3,Work_Life
EMP200,7,4,3,3,5,5,3,6,6,4,4,6,37,HR,16,3,Work_Life
EMP201,6,3,2,3,5,6,4,6,5,3,3,5,35,HR,10,3,Work_Life
EMP202,6,3,3,4,5,6,3,6,6,2,4,7,43,HR,10,4,Work_Life
EMP203,6,4,4,3,4,4,4,6,6,4,5,5,39,HR,5,4,Work_Life
EMP204,6,4,3,5,5,6,4,7,6,2,4,6,47,Operations,18,3,Work_Life
EMP205,5,3,3,4,5,4,3,5,5,4,4,6,42,HR,8,3,Work_Life
EMP206,6,3,2,4,5,5,4,6,7,3,4,6,45,Operations,10,3,Work_Life
EMP207,7,2,3,4,5,6,2,6,6,3,3,5,37,HR,15,3,Work_Life
EMP208,6,3,2,5,4,5,4,5,6,3,3,5,49,HR,14,3,Work_Life
EMP209,6,3,3,3,5,5,3,6,6,3,3,5,39,HR,10,4,Work_Life
EMP210,5,3,3,4,6,5,3,7,7,2,3,6,41,HR,15,3,Work_Life
EMP211,6,3,3,4,6,5,3,5,5,3,4,6,47,HR,9,4,Work_Life
EMP212,5,3,2,4,5,4,3,6,6,3,4,5,42,Operations,13,2,Work_Life
EMP213,6,1,2,4,5,5,3,5,6,4,5,6,40,Operations,8,2,Work_Life
EMP214,7,3,3,3,5,4,2,7,5,3,3,6,49,Operations,13,2,Work_Life
EMP215,5,3,4,3,5,5,3,7,6,4,5,6,39,HR,16,4,Work_Life
EMP216,6,3,3,4,4,6,3,6,5,3,4,6,36,HR,6,4,Work_Life
EMP217,6,3,3,5,5,4,2,6,6,3,5,7,37,Operations,19,3,Work_Life
EMP218,5,3,2,5,5,5,4,5,6,3,4,6,36,Operations,9,3,Work_Life
EMP219,7,2,3,3,5,5,3,5,7,3,4,5,46,Operations,8,2,Work_Life
EMP220,6,3,3,5,6,5,3,7,5,2,4,6,41,Operations,5,3,Work_Life
EMP221,5,3,4,4,5,5,5,6,7,2,3,6,31,HR,17,4,Work_Life
EMP222,6,4,2,3,5,5,3,6,5,2,3,6,31,Operations,16,3,Work_Life
EMP223,5,3,4,5,5,5,4,7,6,3,4,6,40,HR,18,3,Work_Life
EMP224,6,3,3,4,5,6,3,6,4,4,3,6,48,HR,13,3,Work_Life
EMP225,6,3,4,4,6,6,2,7,6,3,4,5,33,HR,17,3,Work_Life
EMP226,6,4,3,4,6,6,3,6,5,3,5,5,44,HR,11,3,Work_Life
EMP227,6,4,2,3,4,5,3,6,6,3,5,6,43,Operations,13,3,Work_Life
EMP228,6,3,3,4,4,5,4,7,6,2,6,6,34,HR,8,3,Work_Life
EMP229,5,2,3,4,5,4,4,6,5,3,4,6,33,HR,19,3,Work_Life
EMP230,6,3,2,3,6,5,3,6,5,3,4,6,32,HR,14,4,Work_Life
EMP231,6,2,2,4,5,6,2,6,6,2,4,6,30,HR,13,3,Work_Life
EMP232,6,2,4,4,6,6,4,7,5,3,4,5,49,Operations,12,2,Work_Life
EMP233,6,3,3,5,5,6,3,5,6,4,4,6,34,HR,10,3,Work_Life
EMP234,5,4,2,4,5,5,3,7,6,3,3,6,48,HR,18,3,Work_Life
EMP235,7,3,2,3,5,6,2,5,6,3,4,7,40,HR,19,4,Work_Life
EMP236,6,4,3,4,3,5,3,5,7,3,4,6,39,HR,8,3,Work_Life
EMP237,6,3,3,4,5,5,3,6,6,3,5,5,42,HR,15,3,Work_Life
EMP238,6,3,3,4,5,5,3,7,7,3,4,7,36,HR,13,3,Work_Life
EMP239,6,2,3,4,6,5,2,6,7,2,4,5,49,HR,7,4,Work_Life
EMP240,7,3,3,4,6,6,3,7,6,1,4,6,46,HR,19,3,Work_Life
EMP241,7,3,2,4,4,4,2,6,5,3,3,5,49,HR,18,4,Work_Life
EMP242,6,4,2,4,5,5,3,5,6,3,4,6,42,Operations,9,3,Work_Life
EMP243,6,3,1,4,4,5,2,7,7,3,4,6,47,HR,8,3,Work_Life
EMP244,6,4,5,3,5,5,2,6,6,3,3,5,41,HR,13,2,Work_Life
EMP245,5,3,3,3,5,6,3,6,6,3,4,6,41,Operations,8,3,Work_Life
EMP246,5,3,4,4,5,4,3,6,6,4,4,6,36,Operations,10,4,Work_Life
EMP247,6,3,3,4,6,6,4,7,6,2,4,6,47,HR,7,3,Work_Life
EMP248,6,3,3,4,5,6,4,5,6,3,4,7,47,HR,19,2,Work_Life
EMP249,5,2,3,5,5,4,3,6,6,4,5,5,47,HR,12,3,Work_Life
EMP250,6,2,3,5,6,5,3,6,6,4,4,6,45,Operations,18,3,Work_Life
EMP251,7,4,4,3,5,5,3,6,6,4,4,6,41,Operations,9,3,Work_Life
EMP252,7,3,4,4,6,6,4,6,6,3,4,6,30,HR,12,3,Work_Life
EMP253,6,3,3,4,4,4,3,6,6,4,3,6,37,Operations,16,4,Work_Life
EMP254,5,4,3,5,5,4,3,5,6,2,4,6,39,Operations,6,2,Work_Life
EMP255,6,2,3,4,6,5,4,6,7,3,3,6,47,Operations,7,3,Work_Life
EMP256,5,3,4,3,5,4,2,6,5,3,5,6,49,HR,12,3,Work_Life
EMP257,7,3,3,3,6,6,3,6,5,4,4,7,34,HR,16,4,Work_Life
EMP258,7,2,4,4,5,5,2,7,5,2,3,5,45,HR,8,3,Work_Life
EMP259,6,4,2,4,4,5,3,5,5,3,4,6,46,Operations,16,4,Work_Life
EMP260,5,2,2,4,4,5,3,6,6,3,3,5,45,Operations,9,3,Work_Life
EMP261,7,4,2,4,5,7,3,5,5,4,5,7,31,Operations,18,3,Work_Life
EMP262,6,4,1,5,5,5,3,6,5,4,4,7,34,HR,17,2,Work_Life
EMP263,5,4,2,5,5,5,2,6,7,3,4,5,37,HR,5,2,Work_Life
EMP264,6,4,4,5,5,5,2,6,7,3,4,7,30,HR,17,3,Work_Life
EMP265,6,3,3,4,6,4,3,6,6,3,4,6,35,Operations,12,4,Work_Life
EMP266,6,3,2,4,4,6,2,6,6,3,5,7,31,HR,18,2,Work_Life
EMP267,6,4,3,4,4,6,4,7,7,4,4,6,43,HR,5,3,Work_Life
EMP268,6,4,3,4,5,4,3,6,7,3,4,6,35,HR,13,2,Work_Life
EMP269,6,4,2,4,6,5,3,7,7,4,4,6,45,HR,12,3,Work_Life
EMP270,6,2,3,4,4,5,3,6,6,4,3,6,43,HR,10,2,Work_Life
EMP271,7,4,3,3,5,6,2,5,7,4,4,7,37,Operations,6,3,Work_Life
EMP272,7,4,3,4,5,6,3,6,6,3,5,6,44,Operations,13,2,Work_Life
EMP273,5,3,2,4,6,5,3,5,6,4,4,4,32,HR,14,3,Work_Life
EMP274,5,3,2,5,6,5,3,7,6,3,3,5,47,Operations,5,3,Work_Life
EMP275,6,2,4,4,4,4,3,6,6,3,4,6,34,HR,8,3,Work_Life
EMP276,6,4,3,4,4,5,4,6,7,3,4,6,40,HR,19,2,Work_Life
EMP277,7,3,2,4,5,6,2,5,7,3,4,6,31,Operations,16,4,Work_Life
EMP278,7,2,3,4,5,5,3,6,5,3,5,6,48,Operations,8,4,Work_Life
EMP279,5,4,3,5,5,6,3,6,6,3,5,6,45,Operations,15,2,Work_Life
EMP280,6,3,2,4,5,6,2,5,6,3,4,6,40,Operations,12,3,Work_Life
EMP281,6,2,3,3,6,5,3,5,6,4,5,6,45,Operations,7,3,Work_Life
EMP282,7,3,2,5,5,4,3,7,6,3,4,6,40,Operations,19,2,Work_Life
EMP283,6,4,3,4,5,4,3,6,6,3,4,5,42,Operations,13,3,Work_Life
EMP284,6,4,3,3,5,4,2,5,7,3,3,5,35,Operations,7,3,Work_Life
EMP285,5,3,3,5,5,5,3,6,6,4,4,7,47,Operations,6,3,Work_Life
EMP286,6,2,2,4,6,5,2,6,6,3,3,5,30,Operations,7,3,Work_Life
EMP287,6,4,3,4,5,6,2,5,5,3,4,6,36,HR,16,3,Work_Life
EMP288,6,4,2,5,5,5,3,7,7,2,4,6,34,HR,13,4,Work_Life
EMP289,6,3,4,4,5,4,3,6,6,4,4,6,47,HR,5,4,Work_Life
EMP290,5,4,2,4,5,4,3,6,6,4,3,6,32,Operations,13,4,Work_Life
EMP291,7,3,3,4,5,5,3,6,7,3,4,6,39,Operations,7,3,Work_Life
EMP292,6,2,4,4,6,4,2,6,5,3,5,7,37,HR,6,4,Work_Life
EMP293,6,2,3,4,5,6,3,7,6,5,3,6,34,HR,5,3,Work_Life
EMP294,6,3,4,4,5,6,3,5,5,4,4,6,40,HR,5,3,Work_Life
EMP295,6,3,3,3,5,5,2,7,6,4,4,6,43,HR,10,3,Work_Life
EMP296,5,4,3,5,6,5,2,5,5,3,3,6,32,HR,14,3,Work_Life
EMP297,6,3,3,3,6,6,4,7,4,3,5,6,31,HR,17,3,Work_Life
EMP298,6,2,2,4,4,5,4,6,5,3,4,5,41,Operations,14,3,Work_Life
EMP299,6,3,3,3,4,4,2,6,5,2,5,6,41,Operations,7,3,Work_Life
EMP300,7,3,3,4,5,6,3,6,7,4,3,6,39,HR,16,2,Work_Life
EMP301,6,4,3,4,6,6,4,6,6,3,4,6,38,HR,9,2,Work_Life
EMP302,6,3,3,4,6,5,2,6,7,3,5,6,43,HR,5,3,Work_Life
EMP303,6,3,2,4,4,5,3,5,6,3,3,6,39,HR,13,3,Work_Life
EMP304,5,3,3,6,5,6,2,6,6,3,3,6,44,Operations,16,4,Work_Life
EMP305,6,3,3,4,6,5,4,6,6,3,4,6,31,Operations,15,3,Work_Life
EMP306,7,3,3,4,5,5,2,6,4,3,6,5,42,HR,5,4,Work_Life
EMP307,5,4,3,4,6,6,2,6,7,3,4,6,36,HR,7,4,Work_Life
EMP308,6,3,2,5,6,5,3,6,7,3,3,6,41,HR,6,3,Work_Life
EMP309,6,2,3,4,5,6,3,5,6,3,4,6,36,Operations,12,3,Work_Life
EMP310,7,4,3,3,5,4,3,6,6,3,4,5,31,HR,12,3,Work_Life
EMP311,6,3,3,4,5,5,3,7,6,3,3,7,43,HR,14,3,Work_Life
EMP312,6,2,4,4,5,5,3,6,7,2,3,6,36,Operations,8,4,Work_Life
EMP313,7,3,2,3,6,5,3,5,6,4,4,6,49,HR,5,4,Work_Life
EMP314,7,3,4,4,5,5,3,6,6,3,4,7,48,HR,17,3,Work_Life
EMP315,6,2,2,4,4,5,3,6,5,3,5,6,49,HR,8,3,Work_Life
EMP316,7,2,3,4,5,6,3,5,6,4,3,5,48,Operations,11,3,Work_Life
EMP317,6,2,3,3,5,5,3,6,6,4,4,6,45,Operations,9,3,Work_Life
EMP318,6,3,4,5,5,6,3,5,6,2,5,5,48,HR,16,2,Work_Life
EMP319,6,4,3,4,4,5,3,5,7,4,5,6,42,HR,9,3,Work_Life
EMP320,6,2,2,5,5,5,2,6,7,3,5,7,33,HR,14,3,Work_Life
EMP321,6,3,2,3,4,5,4,7,6,3,5,7,45,HR,16,4,Work_Life
EMP322,6,3,2,4,4,5,3,6,6,3,4,6,40,Operations,8,3,Work_Life
EMP323,7,2,3,3,5,6,3,7,7,2,4,5,36,Operations,18,2,Work_Life
EMP324,7,3,3,4,5,4,3,6,6,2,3,6,36,HR,8,4,Work_Life
EMP325,6,4,3,4,5,6,3,6,5,3,3,7,48,HR,9,3,Work_Life
EMP326,6,2,4,3,4,6,2,6,6,3,4,6,42,Operations,13,4,Work_Life
EMP327,6,2,3,4,4,5,3,6,7,3,3,6,44,HR,15,3,Work_Life
EMP328,7,3,3,5,6,5,5,6,6,4,4,5,36,Operations,10,3,Work_Life
EMP329,7,3,1,4,5,5,3,7,6,3,4,5,39,HR,7,3,Work_Life
EMP330,6,2,4,4,5,6,4,7,6,3,4,6,41,HR,8,3,Work_Life
EMP331,6,3,3,3,5,5,3,6,5,4,5,6,42,HR,16,4,Work_Life
EMP332,6,4,2,4,5,5,3,7,6,3,5,5,42,HR,11,4,Work_Life
EMP333,6,3,3,5,5,5,2,7,5,2,4,6,44,Operations,10,4,Work_Life
EMP334,6,4,3,4,4,4,4,5,6,2,5,6,41,HR,14,3,Work_Life
EMP335,6,3,4,3,6,5,3,6,6,4,3,6,40,Operations,19,4,Work_Life
EMP336,6,2,2,4,5,6,3,6,6,3,4,5,30,HR,6,4,Work_Life
EMP337,7,3,3,3,6,5,2,6,5,3,3,5,48,Operations,15,3,Work_Life
EMP338,7,3,3,4,4,5,3,6,6,3,3,6,36,Operations,15,4,Work_Life
EMP339,5,4,3,4,5,4,3,6,5,2,4,5,32,HR,8,4,Work_Life
EMP340,5,3,2,4,3,5,3,7,7,3,5,7,41,Operations,9,3,Work_Life
EMP341,7,3,3,5,5,5,3,5,6,3,3,4,44,Operations,11,3,Work_Life
EMP342,7,3,4,3,6,5,3,6,6,3,3,6,30,Operations,11,3,Work_Life
EMP343,6,3,3,3,5,5,4,6,6,5,5,5,33,HR,14,3,Work_Life
EMP344,5,3,3,4,4,6,4,5,6,3,4,6,41,HR,8,4,Work_Life
EMP345,7,4,4,4,5,5,3,5,6,3,5,5,41,Operations,19,2,Work_Life
EMP346,7,2,3,5,4,5,2,6,6,3,3,5,45,Operations,12,3,Work_Life
EMP347,6,3,2,3,5,5,3,5,6,2,5,5,48,Operations,19,3,Work_Life
EMP348,6,2,3,4,5,6,2,7,6,3,4,7,49,HR,11,2,Work_Life
EMP349,6,2,4,4,5,6,4,6,6,3,4,6,49,Operations,13,3,Work_Life
EMP350,7,2,3,4,5,6,3,7,6,4,3,6,31,HR,15,4,Work_Life
EMP351,2,4,7,5,5,6,2,3,2,5,2,4,52,Finance,20,5,Compensation
EMP352,3,3,5,6,6,5,2,3,2,5,2,4,41,Finance,20,4,Compensation
EMP353,3,3,5,6,6,5,2,2,2,5,4,4,59,Finance,17,4,Compensation
EMP354,4,3,7,6,6,5,2,3,3,5,3,4,46,Finance,22,5,Compensation
EMP355,4,3,6,7,6,5,2,3,2,5,3,5,41,Finance,19,5,Compensation
EMP356,2,3,6,5,6,6,1,4,3,5,3,4,41,Finance,24,5,Compensation
EMP357,4,4,6,6,6,5,2,2,3,6,4,4,59,Operations,11,5,Compensation
EMP358,3,3,6,6,6,5,3,4,2,5,3,3,50,Operations,18,4,Compensation
EMP359,3,3,6,6,5,5,1,2,2,4,4,4,52,Finance,16,5,Compensation
EMP360,2,4,6,7,6,5,3,4,2,5,3,4,45,Finance,24,4,Compensation
EMP361,2,3,7,6,6,5,2,3,3,5,2,4,51,Finance,12,5,Compensation
EMP362,4,2,6,7,6,5,1,3,2,5,3,3,42,Finance,19,5,Compensation
EMP363,3,3,6,4,5,5,2,3,3,5,2,4,44,Finance,20,4,Compensation
EMP364,4,3,6,6,4,5,4,2,2,5,3,4,56,Finance,19,4,Compensation
EMP365,3,3,6,6,7,6,2,3,1,4,3,4,48,Finance,20,4,Compensation
EMP366,3,3,6,6,5,6,2,2,1,5,3,3,48,Finance,10,4,Compensation
EMP367,2,3,6,6,6,6,2,3,2,5,3,4,50,Finance,17,4,Compensation
EMP368,3,2,6,6,6,5,1,3,1,6,2,4,55,Operations,16,4,Compensation
EMP369,3,3,6,6,6,4,2,2,2,6,4,4,54,Finance,20,4,Compensation
EMP370,2,4,5,6,5,4,2,3,2,5,3,5,40,Finance,18,4,Compensation
EMP371,2,3,5,5,6,5,1,4,3,5,3,4,58,Operations,16,4,Compensation
EMP372,2,4,6,6,6,5,3,2,2,5,3,4,55,Finance,10,5,Compensation
EMP373,3,3,5,6,7,5,1,2,2,5,3,4,57,Finance,23,4,Compensation
EMP374,3,4,6,6,5,5,2,2,2,4,3,4,59,Operations,24,5,Compensation
EMP375,3,4,7,6,6,5,3,3,2,6,3,4,58,Finance,22,5,Compensation
EMP376,4,3,6,5,6,6,2,4,2,5,3,5,49,Operations,24,5,Compensation
EMP377,3,4,7,5,5,5,3,4,3,5,4,5,42,Finance,23,5,Compensation
EMP378,2,3,7,6,6,5,2,4,2,5,3,3,51,Finance,20,5,Compensation
EMP379,2,3,6,6,6,5,2,3,2,5,2,4,53,Finance,22,5,Compensation
EMP380,3,3,6,6,6,5,3,3,2,5,3,4,49,Finance,14,5,Compensation
EMP381,4,3,6,7,6,6,2,2,2,4,2,4,51,Operations,13,4,Compensation
EMP382,4,3,7,5,6,5,2,5,1,6,2,4,52,Operations,22,5,Compensation
EMP383,2,3,6,7,6,6,3,2,2,4,4,4,57,Finance,19,4,Compensation
EMP384,3,3,6,6,6,4,1,2,2,5,2,5,58,Finance,21,5,Compensation
EMP385,3,4,6,6,5,6,2,3,3,5,3,5,55,Operations,11,4,Compensation
EMP386,2,4,6,5,6,5,3,2,3,5,4,5,40,Finance,12,4,Compensation
EMP387,4,3,6,6,6,6,1,5,2,4,3,4,49,Finance,21,4,Compensation
EMP388,4,3,5,6,7,5,2,3,2,5,3,4,51,Finance,10,4,Compensation
EMP389,3,3,6,6,6,5,2,3,3,4,4,4,42,Finance,22,4,Compensation
EMP390,4,3,6,6,4,6,3,3,2,4,3,5,47,Operations,20,4,Compensation
EMP391,3,3,7,7,7,6,1,3,2,4,3,4,52,Finance,13,4,Compensation
EMP392,3,2,7,7,7,5,3,3,2,5,3,4,49,Finance,21,4,Compensation
EMP393,4,2,6,6,6,5,2,4,2,4,3,3,52,Finance,18,4,Compensation
EMP394,3,4,6,6,6,4,2,3,2,5,3,4,58,Finance,24,4,Compensation
EMP395,2,3,7,6,6,5,3,2,3,5,4,5,59,Finance,22,4,Compensation
EMP396,4,3,6,6,6,6,2,3,3,6,3,5,40,Finance,17,4,Compensation
EMP397,3,3,7,5,6,4,3,3,2,5,3,4,45,Operations,12,5,Compensation
EMP398,2,4,6,6,7,5,2,4,2,5,3,5,58,Finance,24,5,Compensation
EMP399,3,3,5,6,6,6,2,3,2,6,3,5,56,Finance,24,5,Compensation
EMP400,3,2,6,6,7,5,2,2,4,5,2,4,56,Finance,13,4,Compensation
EMP401,3,4,6,7,5,5,2,4,2,6,3,4,46,Finance,17,5,Compensation
EMP402,3,3,6,7,6,5,2,3,3,6,3,4,42,Finance,11,4,Compensation
EMP403,2,5,6,5,6,5,3,4,3,5,3,3,57,Finance,18,4,Compensation
EMP404,3,3,6,6,7,5,2,4,2,5,4,4,47,Finance,14,5,Compensation
EMP405,3,4,6,7,5,4,2,4,2,4,4,3,57,Finance,21,5,Compensation
EMP406,2,1,5,6,6,5,2,3,2,6,3,5,53,Operations,23,5,Compensation
EMP407,2,3,7,6,5,5,2,3,3,5,3,5,50,Finance,24,4,Compensation
EMP408,3,4,5,7,6,4,2,3,2,5,3,4,44,Operations,17,4,Compensation
EMP409,4,2,6,6,5,5,2,3,2,4,4,4,47,Operations,22,5,Compensation
EMP410,3,3,6,6,7,4,2,4,1,5,2,4,55,Finance,22,4,Compensation
EMP411,4,3,6,6,7,5,2,2,3,5,3,5,42,Operations,14,4,Compensation
EMP412,3,3,6,6,5,7,2,4,2,5,3,3,53,Finance,24,5,Compensation
EMP413,3,3,6,4,7,6,2,3,1,6,3,4,57,Finance,23,5,Compensation
EMP414,3,3,6,6,6,5,3,3,2,5,2,4,45,Finance,21,5,Compensation
EMP415,4,3,7,6,7,4,2,3,3,6,3,4,53,Finance,13,5,Compensation
EMP416,3,4,6,5,7,5,2,3,2,5,5,4,59,Operations,19,4,Compensation
EMP417,2,3,5,6,5,5,2,2,2,5,2,4,56,Finance,14,4,Compensation
EMP418,4,3,7,5,5,5,2,3,2,5,3,5,57,Finance,12,4,Compensation
EMP419,3,3,7,6,6,5,2,3,3,6,2,3,41,Operations,22,4,Compensation
EMP420,2,4,7,7,5,5,3,2,1,5,3,4,52,Finance,17,5,Compensation
EMP421,3,3,6,6,7,5,2,3,1,5,3,4,51,Operations,17,4,Compensation
EMP422,3,4,6,6,7,4,2,3,2,6,3,3,56,Operations,23,4,Compensation
EMP423,3,3,6,7,6,5,2,3,3,5,4,5,58,Finance,22,5,Compensation
EMP424,4,2,7,6,5,6,2,3,4,5,3,5,56,Finance,13,5,Compensation
EMP425,3,2,6,6,6,6,3,3,3,5,3,3,59,Finance,21,5,Compensation
EMP426,3,4,4,7,7,5,3,3,2,5,4,4,57,Operations,20,5,Compensation
EMP427,3,3,6,5,6,3,2,3,2,6,3,4,55,Operations,12,5,Compensation
EMP428,3,3,5,6,6,6,2,2,1,4,2,4,47,Finance,10,5,Compensation
EMP429,4,4,6,7,7,4,3,3,3,5,4,3,54,Finance,22,5,Compensation
EMP430,3,2,6,6,6,5,2,2,1,4,3,4,58,Finance,20,4,Compensation
EMP431,3,4,6,6,7,5,2,3,3,6,3,4,41,Finance,23,5,Compensation
EMP432,2,4,5,6,6,4,3,2,3,6,5,5,54,Finance,22,4,Compensation
EMP433,4,3,7,6,6,6,2,3,3,6,3,4,42,Finance,10,4,Compensation
EMP434,3,3,7,6,5,5,2,3,1,5,3,3,43,Finance,13,4,Compensation
EMP435,3,4,6,6,6,5,2,2,2,5,4,3,52,Operations,18,4,Compensation
EMP436,3,3,6,6,7,6,2,3,2,5,3,4,58,Finance,14,5,Compensation
EMP437,3,2,6,6,7,5,2,3,2,4,2,4,41,Operations,18,4,Compensation
EMP438,2,3,6,6,6,6,2,2,2,5,3,4,42,Finance,18,4,Compensation
EMP439,3,3,6,6,6,4,2,4,2,6,3,3,45,Finance,23,4,Compensation
EMP440,1,3,6,7,6,5,2,4,2,5,3,5,43,Finance,22,5,Compensation
EMP441,7,7,7,7,7,7,7,7,7,7,7,7,44,Marketing,12,2,Outlier
EMP442,1,1,1,1,1,1,1,1,1,1,1,1,48,Finance,14,5,Outlier
EMP443,7,1,7,1,7,1,7,1,7,1,7,1,31,Finance,23,1,Outlier
EMP444,1,7,1,7,1,7,1,7,1,7,1,7,37,IT,12,3,Outlier
EMP445,7,7,2,2,6,6,1,1,5,5,1,1,44,Operations,22,3,Outlier
