DATE,GDP,FPI,GCE,NETEXP,UMCSENT,GFDEBTN,PCE,UNRATE
1980-01-01,2789.842,544.663,568.781,-35.803,67.0,863451.0,1708.2,6.3
1980-04-01,2797.352,511.544,588.547,-15.211,52.7,877614.0,1718.8,7.6
1980-07-01,2856.483,528.927,592.169,5.471,62.3,907701.0,1780.5,7.5
1980-10-01,2985.557,560.59,608.893,-6.682,75.0,930210.0,1851.7,7.2
1981-01-01,3124.206,580.626,633.35,-14.259,71.4,964531.0,1902.9,7.4
1981-04-01,3162.532,598.129,648.673,-13.508,72.4,971174.0,1934.5,7.5
1981-07-01,3260.609,608.337,657.774,-7.561,74.1,997855.0,1965.5,7.6
1981-10-01,3280.818,618.589,677.727,-14.75,70.3,1028729.0,1988.8,8.5
1982-01-01,3274.302,609.784,688.104,-16.276,71.0,1061299.0,2024.1,9.0
1982-04-01,3331.972,597.786,703.093,-4.386,65.5,1079630.0,2048.1,9.6
1982-07-01,3366.322,587.157,717.344,-29.647,65.4,1142035.0,2104.6,10.1
1982-10-01,3402.561,589.062,737.351,-29.587,73.4,1197074.0,2161.6,10.8
1983-01-01,3473.413,600.58,747.852,-24.548,70.4,1244493.0,2202.8,10.3
1983-04-01,3578.848,621.454,761.061,-45.434,89.1,1319581.0,2276.0,10.1
1983-07-01,3689.179,656.472,782.216,-65.2,92.8,1377211.0,2334.9,9.2
1983-10-01,3794.706,694.564,775.099,-71.385,89.3,1410702.0,2393.6,8.3
1984-01-01,3908.054,717.89,794.021,-95.004,100.1,1463741.0,2431.6,7.8
1984-04-01,4009.601,749.573,819.132,-104.301,96.1,1512697.0,2495.6,7.2
1984-07-01,4084.25,767.514,835.72,-103.847,96.6,1572267.0,2533.8,7.3
1984-10-01,4148.551,783.762,862.769,-107.756,96.3,1662966.0,2582.6,7.3
1985-01-01,4230.168,793.636,875.592,-91.298,96.0,1710731.0,2648.5,7.2
1985-04-01,4294.887,805.394,900.527,-114.445,94.6,1774640.0,2689.4,7.4
1985-07-01,4386.773,805.854,927.363,-116.895,94.0,1823103.0,2794.7,7.1
1985-10-01,4444.094,826.426,938.584,-133.434,88.4,1945942.0,2811.3,7.0
1986-01-01,4507.894,833.06,946.803,-126.014,95.6,1986816.0,2823.6,7.2
1986-04-01,4545.34,839.574,967.519,-128.872,96.2,2059349.0,2861.7,7.2
1986-07-01,4607.669,842.851,993.597,-138.961,97.7,2125304.0,2971.8,7.0
1986-10-01,4657.627,854.822,996.385,-133.629,95.6,2214835.0,2997.1,6.6
1987-01-01,4722.156,843.222,1008.681,-141.234,90.4,2246724.0,3013.3,6.6
1987-04-01,4806.16,858.064,1025.219,-146.977,92.8,2309296.0,3072.8,6.2
1987-07-01,4884.555,875.449,1036.195,-145.464,93.7,2350277.0,3126.5,5.9
1987-10-01,5007.994,883.376,1056.024,-145.405,89.3,2431715.0,3174.1,5.7
1988-01-01,5073.372,891.613,1056.893,-123.987,90.8,2487551.0,3260.5,5.7
1988-04-01,5190.036,914.877,1070.421,-106.627,91.2,2547656.0,3318.5,5.4
1988-07-01,5282.835,923.828,1078.19,-99.263,93.4,2602183.0,3375.0,5.4
1988-10-01,5399.509,943.605,1109.916,-107.694,94.1,2684392.0,3459.7,5.3
1989-01-01,5511.253,957.35,1116.559,-100.965,97.9,2740898.0,3498.8,5.0
1989-04-01,5612.463,964.79,1145.809,-88.16,91.5,2799923.0,3566.6,5.3
1989-07-01,5695.365,986.635,1164.58,-75.075,92.0,2857431.0,3621.9,5.3
1989-10-01,5747.237,979.257,1180.5,-82.765,93.9,2952994.0,3684.2,5.4
1990-01-01,5872.701,996.884,1212.45,-88.536,93.0,3051958.0,3754.9,5.2
1990-04-01,5960.028,981.02,1230.721,-68.833,93.9,3143754.0,3804.5,5.2
1990-07-01,6015.116,978.919,1242.584,-74.953,88.2,3233313.0,3870.1,5.9
1990-10-01,6004.733,958.787,1268.467,-79.096,63.9,3364820.0,3861.3,6.3
1991-01-01,6035.178,940.088,1284.187,-47.14,66.8,3465189.0,3913.0,6.8
1991-04-01,6126.862,944.575,1296.577,-23.188,81.8,3537988.0,3940.5,6.9
1991-07-01,6205.937,946.633,1306.265,-21.074,82.9,3665303.0,3984.7,6.9
1991-10-01,6264.54,947.655,1308.774,-23.053,78.3,3801698.0,4020.5,7.3
1992-01-01,6363.102,956.571,1326.421,-20.536,67.5,3881288.0,4117.0,7.4
1992-04-01,6470.763,989.875,1334.807,-32.788,77.2,3984656.0,4177.1,7.8
1992-07-01,6566.641,1003.65,1353.997,-38.488,76.6,4064621.0,4255.3,7.6
1992-10-01,6680.803,1036.618,1362.775,-47.14,73.3,4177009.0,4336.4,7.4
1993-01-01,6729.459,1047.889,1351.818,-55.704,89.3,4230580.0,4352.5,7.0
1993-04-01,6808.939,1070.375,1359.066,-63.187,85.6,4351950.0,4440.0,7.0
1993-07-01,6882.098,1089.254,1367.411,-68.354,77.0,4411489.0,4511.5,6.7
1993-10-01,7013.738,1136.53,1381.394,-73.449,82.7,4535687.0,4571.1,6.5
1994-01-01,7115.652,1156.312,1373.35,-80.595,94.3,4575869.0,4646.0,6.5
1994-04-01,7246.931,1183.538,1389.392,-90.572,92.6,4645802.0,4708.9,6.1
1994-07-01,7331.075,1198.526,1423.432,-96.868,89.0,4692750.0,4775.0,5.9
1994-10-01,7455.288,1232.424,1422.923,-101.913,92.7,4800150.0,4841.6,5.5
1995-01-01,7522.289,1266.407,1437.596,-105.329,97.6,4864116.0,4885.4,5.4
1995-04-01,7580.997,1270.229,1452.892,-109.492,92.5,4951372.0,4977.5,5.6
1995-07-01,7683.125,1291.922,1455.659,-74.444,94.4,4973983.0,5020.5,5.6
1995-10-01,7772.586,1316.705,1451.575,-69.78,90.2,4988665.0,5097.5,5.6
1996-01-01,7868.468,1348.472,1471.295,-88.795,89.3,5117786.0,5173.3,5.5
1996-04-01,8032.84,1387.867,1487.662,-93.709,92.7,5161076.0,5229.8,5.3
1996-07-01,8131.408,1423.28,1496.733,-114.18,94.7,5224811.0,5296.6,5.2
1996-10-01,8259.771,1445.403,1515.702,-88.822,96.5,5323172.0,5378.6,5.4
1997-01-01,8362.655,1472.659,1515.985,-108.839,97.4,5380890.0,5454.2,5.2
1997-04-01,8518.825,1501.843,1542.541,-85.201,101.4,5376151.0,5494.2,5.0
1997-07-01,8662.823,1557.316,1555.224,-96.831,107.1,5413146.0,5601.7,4.9
1997-10-01,8765.907,1566.877,1574.782,-117.014,105.6,5502388.0,5692.1,4.7
1998-01-01,8866.48,1607.224,1568.029,-135.215,106.6,5542426.0,5750.3,4.7
1998-04-01,8969.699,1658.434,1603.691,-162.331,108.7,5547935.0,5871.7,4.5
1998-07-01,9121.097,1689.202,1627.262,-174.634,105.2,5526193.0,5965.6,4.6
1998-10-01,9293.991,1736.947,1647.452,-178.663,97.4,5614217.0,6070.5,4.4
1999-01-01,9411.682,1769.668,1669.139,-212.559,103.9,5651615.0,6133.0,4.2
1999-04-01,9526.21,1813.23,1694.757,-247.53,104.6,5638780.0,6260.3,4.3
1999-07-01,9686.626,1853.219,1733.984,-276.403,106.0,5656271.0,6386.5,4.2
1999-10-01,9900.169,1868.855,1781.74,-301.708,103.2,5776091.0,6541.0,4.0
2000-01-01,10002.179,1934.493,1789.895,-356.583,112.0,5773392.0,6686.5,4.0
2000-04-01,10247.72,1985.342,1822.524,-362.501,109.2,5685938.0,6746.9,4.0
2000-07-01,10318.165,2002.736,1832.078,-393.867,108.3,5674179.0,6888.6,3.9
2000-10-01,10435.744,2012.884,1861.253,-411.343,105.8,5662216.0,6952.2,3.9
2001-01-01,10470.231,2001.963,1906.253,-402.653,94.7,5773740.0,6996.7,4.3
2001-04-01,10599.0,1984.593,1947.731,-364.015,88.4,5726815.0,7069.7,4.5
2001-07-01,10598.02,1975.026,1953.408,-370.634,92.4,5807464.0,7007.0,5.0
2001-10-01,10660.465,1930.92,1992.742,-369.688,82.7,5943439.0,7166.7,5.7
2002-01-01,10783.5,1912.366,2040.01,-386.884,93.0,6006032.0,7243.4,5.7
2002-04-01,10887.46,1912.113,2074.482,-428.259,93.0,6126469.0,7322.5,5.8
2002-07-01,10984.04,1907.764,2101.256,-447.548,88.1,6228236.0,7391.5,5.7
2002-10-01,11061.433,1909.528,2142.232,-496.289,80.6,6405707.0,7519.9,6.0
2003-01-01,11174.129,1934.14,2172.01,-525.262,82.4,6460776.0,7611.5,5.9
2003-04-01,11312.766,1978.873,2198.793,-519.87,86.0,6670121.0,7699.6,6.3
2003-07-01,11566.669,2043.866,2220.432,-518.994,90.9,6783320.0,7853.7,6.1
2003-10-01,11772.234,2094.966,2251.164,-523.694,89.6,6997964.0,7950.4,5.7
2004-01-01,11923.447,2108.027,2286.594,-565.975,103.8,7131068.0,8098.8,5.8
2004-04-01,12112.815,2188.618,2320.682,-617.581,94.2,7274335.0,8157.6,5.6
2004-07-01,12305.307,2254.106,2356.371,-652.672,96.7,7379053.0,8341.5,5.4
2004-10-01,12527.214,2317.993,2388.847,-700.336,91.7,7596143.0,8504.4,5.4
2005-01-01,12767.286,2383.59,2426.138,-696.655,95.5,7776939.0,8598.4,5.2
2005-04-01,12922.656,2447.639,2452.246,-707.21,87.7,7836496.0,8753.4,5.0
2005-07-01,13142.642,2518.722,2494.438,-750.961,96.5,7932710.0,8900.4,5.0
2005-10-01,13324.204,2558.875,2528.432,-804.786,74.2,8170413.0,8981.1,4.9
2006-01-01,13599.16,2631.526,2580.086,-790.818,91.2,8371156.0,9132.9,4.7
2006-04-01,13753.424,2633.739,2610.565,-794.042,87.4,8420042.0,9259.6,4.6
2006-07-01,13870.188,2630.666,2630.28,-823.284,84.7,8506974.0,9375.4,4.5
2006-10-01,14039.56,2631.93,2674.454,-737.668,93.6,8680224.0,9488.3,4.4
2007-01-01,14215.651,2642.923,2718.491,-739.273,96.9,8849665.0,9611.7,4.4
2007-04-01,14402.082,2656.992,2769.958,-745.806,87.1,8867677.0,9706.8,4.6
2007-07-01,14564.117,2641.047,2808.718,-728.954,90.4,9007653.0,9845.1,4.7
2007-10-01,14715.058,2615.279,2865.057,-729.699,80.9,9229172.0,9972.8,5.0
2008-01-01,14706.538,2580.374,2909.64,-771.248,78.4,9437594.0,10035.3,5.1
2008-04-01,14865.701,2562.847,2971.642,-776.404,62.6,9492006.0,10187.1,5.6
2008-07-01,14898.999,2514.067,3029.032,-787.354,61.2,10024725.0,10116.4,6.1
2008-10-01,14608.209,2370.13,3021.826,-628.474,57.6,10699805.0,9801.5,7.3
2009-01-01,14430.902,2165.874,3022.047,-420.992,61.2,11126941.0,9773.2,8.7
2009-04-01,14381.236,2059.651,3070.452,-358.368,65.1,11545275.0,9852.4,9.5
2009-07-01,14448.882,2045.422,3092.058,-423.998,66.0,11909828.0,9927.8,9.8
2009-10-01,14651.249,2050.795,3120.796,-473.254,70.6,12311349.0,10052.6,9.9
2010-01-01,14764.61,2039.398,3133.819,-509.192,74.4,12773123.0,10156.0,9.9
2010-04-01,14980.193,2112.087,3165.768,-542.514,72.2,13201792.0,10231.3,9.4
2010-07-01,15141.607,2123.598,3158.301,-553.943,67.8,13561622.0,10327.1,9.5
2010-10-01,15309.474,2171.138,3164.317,-523.586,67.7,14025215.0,10471.0,9.3
2011-01-01,15351.448,2173.885,3155.768,-568.476,74.2,14270114.0,10619.7,9.0
2011-04-01,15557.539,2236.305,3168.261,-581.092,69.8,14343087.0,10694.8,9.1
2011-07-01,15647.68,2334.873,3136.922,-567.111,63.7,14790340.0,10783.2,9.0
2011-10-01,15842.259,2400.138,3130.765,-601.788,60.8,15222940.0,10817.8,8.5
2012-01-01,16068.805,2487.473,3144.024,-602.271,75.0,15606518.0,10993.9,8.2
2012-04-01,16207.115,2545.458,3130.438,-565.241,76.4,15855037.0,10989.8,8.2
2012-07-01,16319.541,2559.69,3139.112,-523.083,72.3,16066240.0,11105.3,7.8
2012-10-01,16420.419,2609.548,3132.308,-515.874,82.6,16432730.0,11181.2,7.9
2013-01-01,16648.189,2661.196,3123.454,-499.348,73.8,16771381.0,11290.1,7.5
2013-04-01,16728.687,2697.549,3131.143,-498.38,76.4,16738320.0,11344.4,7.5
2013-07-01,16953.838,2755.705,3135.192,-482.067,85.1,16738180.0,11445.9,7.2
2013-10-01,17192.019,2816.948,3140.517,-434.019,73.2,17156119.0,11593.2,6.7
2014-01-01,17197.738,2870.77,3139.06,-510.088,81.2,17601227.0,11722.3,6.7
2014-04-01,17518.508,2961.343,3154.366,-505.404,84.1,17632606.0,11861.7,6.1
2014-07-01,17804.228,3038.113,3191.749,-489.357,81.8,17824071.0,11991.4,5.9
2014-10-01,17912.079,3086.53,3189.253,-530.751,86.9,18141444.0,12096.1,5.6
2015-01-01,18063.529,3107.041,3187.915,-526.432,98.1,18152056.0,12176.1,5.4
2015-04-01,18279.784,3139.856,3234.067,-509.527,95.9,18151998.0,12307.9,5.3
2015-07-01,18401.626,3176.809,3253.554,-538.082,93.1,18150618.0,12386.4,5.0
2015-10-01,18435.137,3169.729,3258.142,-523.238,90.0,18922179.0,12452.0,5.0
2016-01-01,18525.933,3181.999,3270.141,-511.682,92.0,19264939.0,12537.0,5.0
2016-04-01,18711.702,3215.897,3289.566,-489.37,89.0,19381591.0,12731.2,4.9
2016-07-01,18892.639,3256.247,3315.171,-481.229,90.0,19573445.0,12846.6,5.0
2016-10-01,19089.379,3302.805,3337.245,-530.806,87.2,19976827.0,13005.9,4.7
2017-01-01,19280.084,3356.791,3353.096,-533.42,98.5,19846420.0,13139.9,4.4
2017-04-01,19438.643,3407.44,3370.444,-553.499,97.0,19844554.0,13225.2,4.3
2017-07-01,19692.595,3445.283,3398.886,-531.498,93.4,20244900.0,13417.3,4.3
2017-10-01,20037.088,3530.448,3466.137,-554.897,100.7,20492747.0,13666.1,4.1
2018-01-01,20328.553,3610.589,3513.876,-576.031,95.7,21089643.0,13793.2,4.0
2018-04-01,20580.912,3666.129,3570.715,-543.823,98.8,21195070.0,13930.4,4.0
2018-07-01,20798.73,3690.028,3626.086,-618.246,97.9,21516058.0,14017.8,3.7
2018-10-01,20917.867,3706.704,3650.847,-634.207,98.6,21974096.0,14051.6,3.9
2019-01-01,21111.6,3735.845,3702.934,-592.294,91.2,22027880.0,14248.6,3.8
2019-04-01,21397.938,3820.789,3761.243,-617.962,97.2,22023283.0,14408.7,3.6
2019-07-01,21717.171,3869.365,3814.837,-585.547,98.4,22719402.0,14590.6,3.5
2019-10-01,21933.217,3857.115,3864.968,-513.359,95.5,23201380.0,14774.8,3.6
2020-01-01,21727.657,3841.036,3943.012,-513.578,99.8,23223813.0,13810.5,4.4
2020-04-01,19935.444,3552.634,4025.974,-536.525,71.8,26477241.0,14040.8,11.0
2020-07-01,21684.551,3802.372,4001.57,-696.399,72.5,26945391.0,14675.4,7.8
2020-10-01,22068.767,3968.294,4027.995,-758.308,81.8,27747798.0,14827.3,6.7
2021-01-01,22656.793,4086.717,4147.626,-795.758,79.0,28132570.0,15712.4,6.1
2021-04-01,23368.861,4182.192,4170.015,-835.082,88.3,28529436.0,16183.6,5.9
2021-07-01,23921.991,4231.018,4213.97,-888.68,81.2,28428919.0,16477.5,4.7
2021-10-01,24777.038,4346.39,4282.318,-920.596,71.7,29617215.0,16905.5,3.9
2022-01-01,25215.491,4539.883,4332.61,-1077.044,67.2,30400960.0,17371.4,3.7
2022-04-01,25805.791,4669.571,4437.609,-1022.113,65.2,30568582.0,17747.6,3.6
2022-07-01,26272.011,4727.803,4480.05,-885.897,51.5,30928912.0,17987.2,3.5
2022-10-01,26734.277,4749.042,4564.792,-850.685,59.9,31419689.0,18134.6,3.5
2023-01-01,27164.359,4826.317,4624.586,-813.648,64.9,31458438.0,18511.3,3.5
2023-04-01,27453.815,4925.655,4645.905,-803.479,63.7,32332274.0,18742.1,3.6
2023-07-01,27967.697,4974.163,4756.448,-781.091,71.5,33167334.0,19024.9,3.8
2023-10-01,28296.967,5046.126,4815.15,-791.152,63.8,34001494.0,19289.9,3.8
2024-01-01,28624.069,5138.499,4880.96,-841.569,79.0,34586533.0,19553.2,3.9
2024-04-01,29016.714,5201.053,4943.041,-906.87,77.2,34831634.0,19747.5,4.1
2024-07-01,29374.914,5269.195,5035.008,-943.684,66.4,35464674.0,20044.1,4.1
2024-10-01,29723.864,5275.129,5099.73,-920.084,70.5,36218605.0,20408.1,4.1
